Nr,Name,Surname,City
1,Olivia,Smith,Tokyo
2,Emma,Johnson,Delhi
3,Amelia,Williams,Shanghai
4,Ava,Brown,Sao Paulo
5,Sophia,Jones,Mexico City
6,Charlotte,Garcia,Dhaka
7,Isabella,Miller,Cairo
8,Mia,Davis,Beijing
9,Luna,Rodriguez,Mumbai
10,Harper,Martinez,Osaka
11,Gianna,Hernandez,Karachi
12,Evelyn,Lopez,Chongqing
13,Aria,Gonzales,Istanbul
14,Ella,Wilson,Buenos Aires
15,Ellie,Anderson,Kolkata
16,Mila,Thomas,Kinshasa
17,Layla,Taylor,Lagos
18,Avery,Moore,Manila
19,Camila,Jackson,Tianjin
20,Lily,Martin,Guangzhou
21,Scarlett,Lee,Rio De Janeiro
22,Sofia,Perez,Lahore
23,Nova,Thompson,Bangalore
24,Aurora,White,Moscow
25,Chloe,Harris,Shenzhen
26,Liam,Sanchez,Chennai
27,Noah,Clark,Bogota
28,Oliver,Ramirez,Paris
29,Elijah,Lewis,Jakarta
30,Lucas,Robinson,Lima
31,Levi,Walker,Bangkok
32,Mason,Young,Hyderabad
33,Asher,Allen,Seoul
34,James,King,Nagoya
35,Ethan,Wright,London
36,Mateo,Scott,Chengdu
37,Leo,Torres,Tehran
38,Jack,Nguyen,Nanjing
39,Benjamin,Hill,Madrid
40,Aiden,Flores,Luanda
41,Logan,Green,Wuhan
42,Grayson,Adams,Mexico City
43,Jackson,Nelson,New York City
44,Henry,Baker,Los Angeles
45,Wyatt,Hall,Chicago
46,Sebastian,Rivera,Toronto
47,Carter,Campbell,Brooklyn
48,Daniel,Mitchell,Houston
49,William,Carter,Queens
50,Alexander,Roberts,London
51,Ezra,Gomez,Havana
52,Owen,Phillips,Iztapalapa
53,Michael,Evans,Berlin
54,Muhammad,Turner,Montreal
55,Julian,Diaz,Philadelphia
56,Hudson,Parker,Phoenix
57,Luke,Cruz,Guadalajara
58,Samuel,Edwards,Manhattan
59,Jacob,Collins,San Antonio
60,Lincoln,Reyes,Puebla
61,Gabriel,Stewart,San Diego
62,Jayden,Morris,The Bronx
63,Luca,Morales,Juarez
64,Maverick,Murphy,Tijuana
65,David,Cook,Dallas
66,Josiah,Rogers,Vancouver
67,Elias,Gutierrez,Morelia
68,Jaxon,Ortiz,Reynosa
69,Kai,Morgan,Puebla
70,Anthony,Cooper,Zapopan
71,Isaiah,Peterson,Monterrey
72,Eli,Bailey,Istanbul
73,John,Reed,San Jose
74,Joseph,Kelly,Calgary
75,Matthew,Howard,Guatemala City
76,Riley,Ramos,Managua
77,Nora,Kim,Kingston
78,Hazel,Cox,Austin
79,Abigail,Ward,Jacksonville
80,Rylee,Richardson,San Francisco
81,Penelope,Watson,Tegucigalpa
82,Elena,Brooks,Columbus
83,Zoey,Chavez,Fort Worth
84,Isla,Wood,Indianapolis
85,Eleanor,James,Charlotte
86,Elizabeth,Bennet,Ottawa
87,Madison,Gray,Chihuahua
88,Willow,Mendoza,Kyiv
89,Emilia,Ruiz,Merida
90,Violet,Hughes,Bucharest
91,Emily,Price,San Luis Potosi
92,Eliana,Alvarez,Aguascalientes
93,Stella,Castillo,Hermosillo
94,Maya,Sanders,Edmonton
95,Paisley,Patel,Saltillo
96,Everly,Myers,North York
97,Addison,Long,Portland
98,Ryleigh,Ross,Winnipeg
99,Ivy,Foster,Seattle
100,Grace,Jimenez,Denver
101,Costin,Patel,El Paso
102,Alexandru,Murray,Detroit
103,Andrei,Ramos,Culiacan
104,Mathew,Gutierrez,Guadalupe
105,Irisha,Owens,Tlalnepantla
106,Eliza,Marshall,Mississauga
107,Ada,Kennedy,Boston
108,Anda,Wells,Memphis
